Workbook

Sheet 1.NPS대시보드
B2: {{region_group_name}} 대면채널 NPS 주간 보고서(1/2)
B3: {{base_date}} 기준
B4: 1. NPS 현황 | BD4: ('{{start_date}}~'{{friday_b01w}} 응답 기준)
BG5: 지역영업그룹 | BH5: NPS | BI5: 전행NPS
C6: 순고객추천지수(NPS) | BG6: {{S1_지역영업그룹_1}} | BH6: {{S1_지역영업그룹NPS_1}} | BI6: {{S1_전행NPS_1}}
BG7: {{S1_지역영업그룹_2}} | BH7: {{S1_지역영업그룹NPS_2}} | BI7: {{S1_전행NPS_2}}
C8: 전월 대비 | H8: {{S1_NPS변동_1}} | K8: {{S1_NPS변동구분_1}} | BG8: {{S1_지역영업그룹_3}} | BH8: {{S1_지역영업그룹NPS_3}} | BI8: {{S1_전행NPS_3}}
BG9: {{S1_지역영업그룹_4}} | BH9: {{S1_지역영업그룹NPS_4}} | BI9: {{S1_전행NPS_4}}
BG10: {{S1_지역영업그룹_5}} | BH10: {{S1_지역영업그룹NPS_5}} | BI10: {{S1_전행NPS_5}}
C11: {{S1_전월NPS_1}} | J11: {{S1_금주NPS_1}}
C12: 전월 | M12: 이번주
C16: 월별 고객 충성도 그룹 및 NPS 추이
BG20: 기준월 | BH20: 추천비율 | BI20: 중립비율 | BJ20: 비추천비율 | BK20: NPS
BG21: 1월 | BH21: {{S1_추천비율_1}} | BI21: {{S1_중립비율_1}} | BJ21: {{S1_비추천비율_1}} | BK21: {{S1_NPS_1}}
BG22: 2월 | BH22: {{S1_추천비율_2}} | BI22: {{S1_중립비율_2}} | BJ22: {{S1_비추천비율_2}} | BK22: {{S1_NPS_2}}
BG23: 3월 | BH23: {{S1_추천비율_3}} | BI23: {{S1_중립비율_3}} | BJ23: {{S1_비추천비율_3}} | BK23: {{S1_NPS_3}}
BG24: 4월 | BH24: {{S1_추천비율_4}} | BI24: {{S1_중립비율_4}} | BJ24: {{S1_비추천비율_4}} | BK24: {{S1_NPS_4}}
BG25: 5월 | BH25: {{S1_추천비율_5}} | BI25: {{S1_중립비율_5}} | BJ25: {{S1_비추천비율_5}} | BK25: {{S1_NPS_5}}
BG26: 6월 | BH26: {{S1_추천비율_6}} | BI26: {{S1_중립비율_6}} | BJ26: {{S1_비추천비율_6}} | BK26: {{S1_NPS_6}}
BG27: 7월 | BH27: {{S1_추천비율_7}} | BI27: {{S1_중립비율_7}} | BJ27: {{S1_비추천비율_7}} | BK27: {{S1_NPS_7}}
B28: 2. {{region_group_name}} PG/RG별 NPS 현황 | BD28: ('{{start_date}}~'{{friday_b01w}} 응답 기준) | BG28: 8월 | BH28: {{S1_추천비율_8}} | BI28: {{S1_중립비율_8}} | BJ28: {{S1_비추천비율_8}} | BK28: {{S1_NPS_8}}
BG29: 9월 | BH29: {{S1_추천비율_9}} | BI29: {{S1_중립비율_9}} | BJ29: {{S1_비추천비율_9}} | BK29: {{S1_NPS_9}}
C30: PG/RG명 | K30: 누적 NPS | T30: 월별 NPS | BG30: 10월 | BH30: {{S1_추천비율_10}} | BI30: {{S1_중립비율_10}} | BJ30: {{S1_비추천비율_10}} | BK30: {{S1_NPS_10}}
K31: 전월 | N31: 당월 | Q31: 대비 | T31: 1월 | W31: 2월 | Z31: 3월 | AC31: 4월 | AF31: 5월 | AI31: 6월 | AL31: 7월 | AO31: 8월 | AR31: 9월 | AU31: 10월 | AX31: 11월 | BA31: 12월 | BG31: 11월 | BH31: {{S1_추천비율_11}} | BI31: {{S1_중립비율_11}} | BJ31: {{S1_비추천비율_11}} | BK31: {{S1_NPS_11}}
C32: {{S1_지역본부_1}} | BG32: 12월 | BH32: {{S1_추천비율_12}} | BI32: {{S1_중립비율_12}} | BJ32: {{S1_비추천비율_12}} | BK32: {{S1_NPS_12}}
J33: 영업점 | K33: {{S1_전월PGNPS_1}} | N33: {{S1_당월PGNPS_1}} | Q33: {{S1_PGNPS변동_1}} | T33: {{S1_1월PGNPS_1}} | W33: {{S1_2월PGNPS_1}} | Z33: {{S1_3월PGNPS_1}} | AC33: {{S1_4월PGNPS_1}} | AF33: {{S1_5월PGNPS_1}} | AI33: {{S1_6월PGNPS_1}} | AL33: {{S1_7월PGNPS_1}} | AO33: {{S1_8월PGNPS_1}} | AR33: {{S1_9월PGNPS_1}} | AU33: {{S1_10월PGNPS_1}} | AX33: {{S1_11월PGNPS_1}} | BA33: {{S1_12월PGNPS_1}}
J34: 직원 | K34: {{S1_전월PGNPS_2}} | N34: {{S1_당월PGNPS_2}} | Q34: {{S1_PGNPS변동_2}} | T34: {{S1_1월PGNPS_2}} | W34: {{S1_2월PGNPS_2}} | Z34: {{S1_3월PGNPS_2}} | AC34: {{S1_4월PGNPS_2}} | AF34: {{S1_5월PGNPS_2}} | AI34: {{S1_6월PGNPS_2}} | AL34: {{S1_7월PGNPS_2}} | AO34: {{S1_8월PGNPS_2}} | AR34: {{S1_9월PGNPS_2}} | AU34: {{S1_10월PGNPS_2}} | AX34: {{S1_11월PGNPS_2}} | BA34: {{S1_12월PGNPS_2}}
C35: {{S1_지역본부_3}}
J36: 영업점 | K36: {{S1_전월PGNPS_3}} | N36: {{S1_당월PGNPS_3}} | Q36: {{S1_PGNPS변동_3}} | T36: {{S1_1월PGNPS_3}} | W36: {{S1_2월PGNPS_3}} | Z36: {{S1_3월PGNPS_3}} | AC36: {{S1_4월PGNPS_3}} | AF36: {{S1_5월PGNPS_3}} | AI36: {{S1_6월PGNPS_3}} | AL36: {{S1_7월PGNPS_3}} | AO36: {{S1_8월PGNPS_3}} | AR36: {{S1_9월PGNPS_3}} | AU36: {{S1_10월PGNPS_3}} | AX36: {{S1_11월PGNPS_3}} | BA36: {{S1_12월PGNPS_3}}
J37: 직원 | K37: {{S1_전월PGNPS_4}} | N37: {{S1_당월PGNPS_4}} | Q37: {{S1_PGNPS변동_4}} | T37: {{S1_1월PGNPS_4}} | W37: {{S1_2월PGNPS_4}} | Z37: {{S1_3월PGNPS_4}} | AC37: {{S1_4월PGNPS_4}} | AF37: {{S1_5월PGNPS_4}} | AI37: {{S1_6월PGNPS_4}} | AL37: {{S1_7월PGNPS_4}} | AO37: {{S1_8월PGNPS_4}} | AR37: {{S1_9월PGNPS_4}} | AU37: {{S1_10월PGNPS_4}} | AX37: {{S1_11월PGNPS_4}} | BA37: {{S1_12월PGNPS_4}}
C38: {{S1_지역본부_5}}
J39: 영업점 | K39: {{S1_전월PGNPS_5}} | N39: {{S1_당월PGNPS_5}} | Q39: {{S1_PGNPS변동_5}} | T39: {{S1_1월PGNPS_5}} | W39: {{S1_2월PGNPS_5}} | Z39: {{S1_3월PGNPS_5}} | AC39: {{S1_4월PGNPS_5}} | AF39: {{S1_5월PGNPS_5}} | AI39: {{S1_6월PGNPS_5}} | AL39: {{S1_7월PGNPS_5}} | AO39: {{S1_8월PGNPS_5}} | AR39: {{S1_9월PGNPS_5}} | AU39: {{S1_10월PGNPS_5}} | AX39: {{S1_11월PGNPS_5}} | BA39: {{S1_12월PGNPS_5}}
J40: 직원 | K40: {{S1_전월PGNPS_6}} | N40: {{S1_당월PGNPS_6}} | Q40: {{S1_PGNPS변동_6}} | T40: {{S1_1월PGNPS_6}} | W40: {{S1_2월PGNPS_6}} | Z40: {{S1_3월PGNPS_6}} | AC40: {{S1_4월PGNPS_6}} | AF40: {{S1_5월PGNPS_6}} | AI40: {{S1_6월PGNPS_6}} | AL40: {{S1_7월PGNPS_6}} | AO40: {{S1_8월PGNPS_6}} | AR40: {{S1_9월PGNPS_6}} | AU40: {{S1_10월PGNPS_6}} | AX40: {{S1_11월PGNPS_6}} | BA40: {{S1_12월PGNPS_6}}
C41: {{S1_지역본부_7}}
J42: 영업점 | K42: {{S1_전월PGNPS_7}} | N42: {{S1_당월PGNPS_7}} | Q42: {{S1_PGNPS변동_7}} | T42: {{S1_1월PGNPS_7}} | W42: {{S1_2월PGNPS_7}} | Z42: {{S1_3월PGNPS_7}} | AC42: {{S1_4월PGNPS_7}} | AF42: {{S1_5월PGNPS_7}} | AI42: {{S1_6월PGNPS_7}} | AL42: {{S1_7월PGNPS_7}} | AO42: {{S1_8월PGNPS_7}} | AR42: {{S1_9월PGNPS_7}} | AU42: {{S1_10월PGNPS_7}} | AX42: {{S1_11월PGNPS_7}} | BA42: {{S1_12월PGNPS_7}}
J43: 직원 | K43: {{S1_전월PGNPS_8}} | N43: {{S1_당월PGNPS_8}} | Q43: {{S1_PGNPS변동_8}} | T43: {{S1_1월PGNPS_8}} | W43: {{S1_2월PGNPS_8}} | Z43: {{S1_3월PGNPS_8}} | AC43: {{S1_4월PGNPS_8}} | AF43: {{S1_5월PGNPS_8}} | AI43: {{S1_6월PGNPS_8}} | AL43: {{S1_7월PGNPS_8}} | AO43: {{S1_8월PGNPS_8}} | AR43: {{S1_9월PGNPS_8}} | AU43: {{S1_10월PGNPS_8}} | AX43: {{S1_11월PGNPS_8}} | BA43: {{S1_12월PGNPS_8}}
C44: {{S1_지역본부_9}}
J45: 영업점 | K45: {{S1_전월PGNPS_9}} | N45: {{S1_당월PGNPS_9}} | Q45: {{S1_PGNPS변동_9}} | T45: {{S1_1월PGNPS_9}} | W45: {{S1_2월PGNPS_9}} | Z45: {{S1_3월PGNPS_9}} | AC45: {{S1_4월PGNPS_9}} | AF45: {{S1_5월PGNPS_9}} | AI45: {{S1_6월PGNPS_9}} | AL45: {{S1_7월PGNPS_9}} | AO45: {{S1_8월PGNPS_9}} | AR45: {{S1_9월PGNPS_9}} | AU45: {{S1_10월PGNPS_9}} | AX45: {{S1_11월PGNPS_9}} | BA45: {{S1_12월PGNPS_9}}
J46: 직원 | K46: {{S1_전월PGNPS_10}} | N46: {{S1_당월PGNPS_10}} | Q46: {{S1_PGNPS변동_10}} | T46: {{S1_1월PGNPS_10}} | W46: {{S1_2월PGNPS_10}} | Z46: {{S1_3월PGNPS_10}} | AC46: {{S1_4월PGNPS_10}} | AF46: {{S1_5월PGNPS_10}} | AI46: {{S1_6월PGNPS_10}} | AL46: {{S1_7월PGNPS_10}} | AO46: {{S1_8월PGNPS_10}} | AR46: {{S1_9월PGNPS_10}} | AU46: {{S1_10월PGNPS_10}} | AX46: {{S1_11월PGNPS_10}} | BA46: {{S1_12월PGNPS_10}}
C47: {{S1_지역본부_11}}
J48: 영업점 | K48: {{S1_전월PGNPS_11}} | N48: {{S1_당월PGNPS_11}} | Q48: {{S1_PGNPS변동_11}} | T48: {{S1_1월PGNPS_11}} | W48: {{S1_2월PGNPS_11}} | Z48: {{S1_3월PGNPS_11}} | AC48: {{S1_4월PGNPS_11}} | AF48: {{S1_5월PGNPS_11}} | AI48: {{S1_6월PGNPS_11}} | AL48: {{S1_7월PGNPS_11}} | AO48: {{S1_8월PGNPS_11}} | AR48: {{S1_9월PGNPS_11}} | AU48: {{S1_10월PGNPS_11}} | AX48: {{S1_11월PGNPS_11}} | BA48: {{S1_12월PGNPS_11}}
J49: 직원 | K49: {{S1_전월PGNPS_12}} | N49: {{S1_당월PGNPS_12}} | Q49: {{S1_PGNPS변동_12}} | T49: {{S1_1월PGNPS_12}} | W49: {{S1_2월PGNPS_12}} | Z49: {{S1_3월PGNPS_12}} | AC49: {{S1_4월PGNPS_12}} | AF49: {{S1_5월PGNPS_12}} | AI49: {{S1_6월PGNPS_12}} | AL49: {{S1_7월PGNPS_12}} | AO49: {{S1_8월PGNPS_12}} | AR49: {{S1_9월PGNPS_12}} | AU49: {{S1_10월PGNPS_12}} | AX49: {{S1_11월PGNPS_12}} | BA49: {{S1_12월PGNPS_12}}
C50: {{S1_지역본부_13}}
J51: 영업점 | K51: {{S1_전월PGNPS_13}} | N51: {{S1_당월PGNPS_13}} | Q51: {{S1_PGNPS변동_13}} | T51: {{S1_1월PGNPS_13}} | W51: {{S1_2월PGNPS_13}} | Z51: {{S1_3월PGNPS_13}} | AC51: {{S1_4월PGNPS_13}} | AF51: {{S1_5월PGNPS_13}} | AI51: {{S1_6월PGNPS_13}} | AL51: {{S1_7월PGNPS_13}} | AO51: {{S1_8월PGNPS_13}} | AR51: {{S1_9월PGNPS_13}} | AU51: {{S1_10월PGNPS_13}} | AX51: {{S1_11월PGNPS_13}} | BA51: {{S1_12월PGNPS_13}}
J52: 직원 | K52: {{S1_전월PGNPS_14}} | N52: {{S1_당월PGNPS_14}} | Q52: {{S1_PGNPS변동_14}} | T52: {{S1_1월PGNPS_14}} | W52: {{S1_2월PGNPS_14}} | Z52: {{S1_3월PGNPS_14}} | AC52: {{S1_4월PGNPS_14}} | AF52: {{S1_5월PGNPS_14}} | AI52: {{S1_6월PGNPS_14}} | AL52: {{S1_7월PGNPS_14}} | AO52: {{S1_8월PGNPS_14}} | AR52: {{S1_9월PGNPS_14}} | AU52: {{S1_10월PGNPS_14}} | AX52: {{S1_11월PGNPS_14}} | BA52: {{S1_12월PGNPS_14}}
C53: {{S1_지역본부_15}}
J54: 영업점 | K54: {{S1_전월PGNPS_15}} | N54: {{S1_당월PGNPS_15}} | Q54: {{S1_PGNPS변동_15}} | T54: {{S1_1월PGNPS_15}} | W54: {{S1_2월PGNPS_15}} | Z54: {{S1_3월PGNPS_15}} | AC54: {{S1_4월PGNPS_15}} | AF54: {{S1_5월PGNPS_15}} | AI54: {{S1_6월PGNPS_15}} | AL54: {{S1_7월PGNPS_15}} | AO54: {{S1_8월PGNPS_15}} | AR54: {{S1_9월PGNPS_15}} | AU54: {{S1_10월PGNPS_15}} | AX54: {{S1_11월PGNPS_15}} | BA54: {{S1_12월PGNPS_15}}
J55: 직원 | K55: {{S1_전월PGNPS_16}} | N55: {{S1_당월PGNPS_16}} | Q55: {{S1_PGNPS변동_16}} | T55: {{S1_1월PGNPS_16}} | W55: {{S1_2월PGNPS_16}} | Z55: {{S1_3월PGNPS_16}} | AC55: {{S1_4월PGNPS_16}} | AF55: {{S1_5월PGNPS_16}} | AI55: {{S1_6월PGNPS_16}} | AL55: {{S1_7월PGNPS_16}} | AO55: {{S1_8월PGNPS_16}} | AR55: {{S1_9월PGNPS_16}} | AU55: {{S1_10월PGNPS_16}} | AX55: {{S1_11월PGNPS_16}} | BA55: {{S1_12월PGNPS_16}}
C56: {{S1_지역본부_17}}
J57: 영업점 | K57: {{S1_전월PGNPS_17}} | N57: {{S1_당월PGNPS_17}} | Q57: {{S1_PGNPS변동_17}} | T57: {{S1_1월PGNPS_17}} | W57: {{S1_2월PGNPS_17}} | Z57: {{S1_3월PGNPS_17}} | AC57: {{S1_4월PGNPS_17}} | AF57: {{S1_5월PGNPS_17}} | AI57: {{S1_6월PGNPS_17}} | AL57: {{S1_7월PGNPS_17}} | AO57: {{S1_8월PGNPS_17}} | AR57: {{S1_9월PGNPS_17}} | AU57: {{S1_10월PGNPS_17}} | AX57: {{S1_11월PGNPS_17}} | BA57: {{S1_12월PGNPS_17}}
J58: 직원 | K58: {{S1_전월PGNPS_18}} | N58: {{S1_당월PGNPS_18}} | Q58: {{S1_PGNPS변동_18}} | T58: {{S1_1월PGNPS_18}} | W58: {{S1_2월PGNPS_18}} | Z58: {{S1_3월PGNPS_18}} | AC58: {{S1_4월PGNPS_18}} | AF58: {{S1_5월PGNPS_18}} | AI58: {{S1_6월PGNPS_18}} | AL58: {{S1_7월PGNPS_18}} | AO58: {{S1_8월PGNPS_18}} | AR58: {{S1_9월PGNPS_18}} | AU58: {{S1_10월PGNPS_18}} | AX58: {{S1_11월PGNPS_18}} | BA58: {{S1_12월PGNPS_18}}
C59: {{S1_지역본부_19}}
J60: 영업점 | K60: {{S1_전월PGNPS_19}} | N60: {{S1_당월PGNPS_19}} | Q60: {{S1_PGNPS변동_19}} | T60: {{S1_1월PGNPS_19}} | W60: {{S1_2월PGNPS_19}} | Z60: {{S1_3월PGNPS_19}} | AC60: {{S1_4월PGNPS_19}} | AF60: {{S1_5월PGNPS_19}} | AI60: {{S1_6월PGNPS_19}} | AL60: {{S1_7월PGNPS_19}} | AO60: {{S1_8월PGNPS_19}} | AR60: {{S1_9월PGNPS_19}} | AU60: {{S1_10월PGNPS_19}} | AX60: {{S1_11월PGNPS_19}} | BA60: {{S1_12월PGNPS_19}}
J61: 직원 | K61: {{S1_전월PGNPS_20}} | N61: {{S1_당월PGNPS_20}} | Q61: {{S1_PGNPS변동_20}} | T61: {{S1_1월PGNPS_20}} | W61: {{S1_2월PGNPS_20}} | Z61: {{S1_3월PGNPS_20}} | AC61: {{S1_4월PGNPS_20}} | AF61: {{S1_5월PGNPS_20}} | AI61: {{S1_6월PGNPS_20}} | AL61: {{S1_7월PGNPS_20}} | AO61: {{S1_8월PGNPS_20}} | AR61: {{S1_9월PGNPS_20}} | AU61: {{S1_10월PGNPS_20}} | AX61: {{S1_11월PGNPS_20}} | BA61: {{S1_12월PGNPS_20}}
C62: {{S1_지역본부_21}}
J63: 영업점 | K63: {{S1_전월PGNPS_21}} | N63: {{S1_당월PGNPS_21}} | Q63: {{S1_PGNPS변동_21}} | T63: {{S1_1월PGNPS_21}} | W63: {{S1_2월PGNPS_21}} | Z63: {{S1_3월PGNPS_21}} | AC63: {{S1_4월PGNPS_21}} | AF63: {{S1_5월PGNPS_21}} | AI63: {{S1_6월PGNPS_21}} | AL63: {{S1_7월PGNPS_21}} | AO63: {{S1_8월PGNPS_21}} | AR63: {{S1_9월PGNPS_21}} | AU63: {{S1_10월PGNPS_21}} | AX63: {{S1_11월PGNPS_21}} | BA63: {{S1_12월PGNPS_21}}
J64: 직원 | K64: {{S1_전월PGNPS_22}} | N64: {{S1_당월PGNPS_22}} | Q64: {{S1_PGNPS변동_22}} | T64: {{S1_1월PGNPS_22}} | W64: {{S1_2월PGNPS_22}} | Z64: {{S1_3월PGNPS_22}} | AC64: {{S1_4월PGNPS_22}} | AF64: {{S1_5월PGNPS_22}} | AI64: {{S1_6월PGNPS_22}} | AL64: {{S1_7월PGNPS_22}} | AO64: {{S1_8월PGNPS_22}} | AR64: {{S1_9월PGNPS_22}} | AU64: {{S1_10월PGNPS_22}} | AX64: {{S1_11월PGNPS_22}} | BA64: {{S1_12월PGNPS_22}}
C65: {{S1_지역본부_23}}
J66: 영업점 | K66: {{S1_전월PGNPS_23}} | N66: {{S1_당월PGNPS_23}} | Q66: {{S1_PGNPS변동_23}} | T66: {{S1_1월PGNPS_23}} | W66: {{S1_2월PGNPS_23}} | Z66: {{S1_3월PGNPS_23}} | AC66: {{S1_4월PGNPS_23}} | AF66: {{S1_5월PGNPS_23}} | AI66: {{S1_6월PGNPS_23}} | AL66: {{S1_7월PGNPS_23}} | AO66: {{S1_8월PGNPS_23}} | AR66: {{S1_9월PGNPS_23}} | AU66: {{S1_10월PGNPS_23}} | AX66: {{S1_11월PGNPS_23}} | BA66: {{S1_12월PGNPS_23}}
J67: 직원 | K67: {{S1_전월PGNPS_24}} | N67: {{S1_당월PGNPS_24}} | Q67: {{S1_PGNPS변동_24}} | T67: {{S1_1월PGNPS_24}} | W67: {{S1_2월PGNPS_24}} | Z67: {{S1_3월PGNPS_24}} | AC67: {{S1_4월PGNPS_24}} | AF67: {{S1_5월PGNPS_24}} | AI67: {{S1_6월PGNPS_24}} | AL67: {{S1_7월PGNPS_24}} | AO67: {{S1_8월PGNPS_24}} | AR67: {{S1_9월PGNPS_24}} | AU67: {{S1_10월PGNPS_24}} | AX67: {{S1_11월PGNPS_24}} | BA67: {{S1_12월PGNPS_24}}
C68: {{S1_지역본부_25}}
J69: 영업점 | K69: {{S1_전월PGNPS_25}} | N69: {{S1_당월PGNPS_25}} | Q69: {{S1_PGNPS변동_25}} | T69: {{S1_1월PGNPS_25}} | W69: {{S1_2월PGNPS_25}} | Z69: {{S1_3월PGNPS_25}} | AC69: {{S1_4월PGNPS_25}} | AF69: {{S1_5월PGNPS_25}} | AI69: {{S1_6월PGNPS_25}} | AL69: {{S1_7월PGNPS_25}} | AO69: {{S1_8월PGNPS_25}} | AR69: {{S1_9월PGNPS_25}} | AU69: {{S1_10월PGNPS_25}} | AX69: {{S1_11월PGNPS_25}} | BA69: {{S1_12월PGNPS_25}}
J70: 직원 | K70: {{S1_전월PGNPS_26}} | N70: {{S1_당월PGNPS_26}} | Q70: {{S1_PGNPS변동_26}} | T70: {{S1_1월PGNPS_26}} | W70: {{S1_2월PGNPS_26}} | Z70: {{S1_3월PGNPS_26}} | AC70: {{S1_4월PGNPS_26}} | AF70: {{S1_5월PGNPS_26}} | AI70: {{S1_6월PGNPS_26}} | AL70: {{S1_7월PGNPS_26}} | AO70: {{S1_8월PGNPS_26}} | AR70: {{S1_9월PGNPS_26}} | AU70: {{S1_10월PGNPS_26}} | AX70: {{S1_11월PGNPS_26}} | BA70: {{S1_12월PGNPS_26}}
C71: {{S1_지역본부_27}}
J72: 영업점 | K72: {{S1_전월PGNPS_27}} | N72: {{S1_당월PGNPS_27}} | Q72: {{S1_PGNPS변동_27}} | T72: {{S1_1월PGNPS_27}} | W72: {{S1_2월PGNPS_27}} | Z72: {{S1_3월PGNPS_27}} | AC72: {{S1_4월PGNPS_27}} | AF72: {{S1_5월PGNPS_27}} | AI72: {{S1_6월PGNPS_27}} | AL72: {{S1_7월PGNPS_27}} | AO72: {{S1_8월PGNPS_27}} | AR72: {{S1_9월PGNPS_27}} | AU72: {{S1_10월PGNPS_27}} | AX72: {{S1_11월PGNPS_27}} | BA72: {{S1_12월PGNPS_27}}
J73: 직원 | K73: {{S1_전월PGNPS_28}} | N73: {{S1_당월PGNPS_28}} | Q73: {{S1_PGNPS변동_28}} | T73: {{S1_1월PGNPS_28}} | W73: {{S1_2월PGNPS_28}} | Z73: {{S1_3월PGNPS_28}} | AC73: {{S1_4월PGNPS_28}} | AF73: {{S1_5월PGNPS_28}} | AI73: {{S1_6월PGNPS_28}} | AL73: {{S1_7월PGNPS_28}} | AO73: {{S1_8월PGNPS_28}} | AR73: {{S1_9월PGNPS_28}} | AU73: {{S1_10월PGNPS_28}} | AX73: {{S1_11월PGNPS_28}} | BA73: {{S1_12월PGNPS_28}}
C74: {{S1_지역본부_29}}
J75: 영업점 | K75: {{S1_전월PGNPS_29}} | N75: {{S1_당월PGNPS_29}} | Q75: {{S1_PGNPS변동_29}} | T75: {{S1_1월PGNPS_29}} | W75: {{S1_2월PGNPS_29}} | Z75: {{S1_3월PGNPS_29}} | AC75: {{S1_4월PGNPS_29}} | AF75: {{S1_5월PGNPS_29}} | AI75: {{S1_6월PGNPS_29}} | AL75: {{S1_7월PGNPS_29}} | AO75: {{S1_8월PGNPS_29}} | AR75: {{S1_9월PGNPS_29}} | AU75: {{S1_10월PGNPS_29}} | AX75: {{S1_11월PGNPS_29}} | BA75: {{S1_12월PGNPS_29}}
J76: 직원 | K76: {{S1_전월PGNPS_30}} | N76: {{S1_당월PGNPS_30}} | Q76: {{S1_PGNPS변동_30}} | T76: {{S1_1월PGNPS_30}} | W76: {{S1_2월PGNPS_30}} | Z76: {{S1_3월PGNPS_30}} | AC76: {{S1_4월PGNPS_30}} | AF76: {{S1_5월PGNPS_30}} | AI76: {{S1_6월PGNPS_30}} | AL76: {{S1_7월PGNPS_30}} | AO76: {{S1_8월PGNPS_30}} | AR76: {{S1_9월PGNPS_30}} | AU76: {{S1_10월PGNPS_30}} | AX76: {{S1_11월PGNPS_30}} | BA76: {{S1_12월PGNPS_30}}
C77: {{S1_지역본부_31}}
J78: 영업점 | K78: {{S1_전월PGNPS_31}} | N78: {{S1_당월PGNPS_31}} | Q78: {{S1_PGNPS변동_31}} | T78: {{S1_1월PGNPS_31}} | W78: {{S1_2월PGNPS_31}} | Z78: {{S1_3월PGNPS_31}} | AC78: {{S1_4월PGNPS_31}} | AF78: {{S1_5월PGNPS_31}} | AI78: {{S1_6월PGNPS_31}} | AL78: {{S1_7월PGNPS_31}} | AO78: {{S1_8월PGNPS_31}} | AR78: {{S1_9월PGNPS_31}} | AU78: {{S1_10월PGNPS_31}} | AX78: {{S1_11월PGNPS_31}} | BA78: {{S1_12월PGNPS_31}}
J79: 직원 | K79: {{S1_전월PGNPS_32}} | N79: {{S1_당월PGNPS_32}} | Q79: {{S1_PGNPS변동_32}} | T79: {{S1_1월PGNPS_32}} | W79: {{S1_2월PGNPS_32}} | Z79: {{S1_3월PGNPS_32}} | AC79: {{S1_4월PGNPS_32}} | AF79: {{S1_5월PGNPS_32}} | AI79: {{S1_6월PGNPS_32}} | AL79: {{S1_7월PGNPS_32}} | AO79: {{S1_8월PGNPS_32}} | AR79: {{S1_9월PGNPS_32}} | AU79: {{S1_10월PGNPS_32}} | AX79: {{S1_11월PGNPS_32}} | BA79: {{S1_12월PGNPS_32}}
C80: {{S1_지역본부_33}}
J81: 영업점 | K81: {{S1_전월PGNPS_33}} | N81: {{S1_당월PGNPS_33}} | Q81: {{S1_PGNPS변동_33}} | T81: {{S1_1월PGNPS_33}} | W81: {{S1_2월PGNPS_33}} | Z81: {{S1_3월PGNPS_33}} | AC81: {{S1_4월PGNPS_33}} | AF81: {{S1_5월PGNPS_33}} | AI81: {{S1_6월PGNPS_33}} | AL81: {{S1_7월PGNPS_33}} | AO81: {{S1_8월PGNPS_33}} | AR81: {{S1_9월PGNPS_33}} | AU81: {{S1_10월PGNPS_33}} | AX81: {{S1_11월PGNPS_33}} | BA81: {{S1_12월PGNPS_33}}
J82: 직원 | K82: {{S1_전월PGNPS_34}} | N82: {{S1_당월PGNPS_34}} | Q82: {{S1_PGNPS변동_34}} | T82: {{S1_1월PGNPS_34}} | W82: {{S1_2월PGNPS_34}} | Z82: {{S1_3월PGNPS_34}} | AC82: {{S1_4월PGNPS_34}} | AF82: {{S1_5월PGNPS_34}} | AI82: {{S1_6월PGNPS_34}} | AL82: {{S1_7월PGNPS_34}} | AO82: {{S1_8월PGNPS_34}} | AR82: {{S1_9월PGNPS_34}} | AU82: {{S1_10월PGNPS_34}} | AX82: {{S1_11월PGNPS_34}} | BA82: {{S1_12월PGNPS_34}}
C83: {{S1_지역본부_35}}
J84: 영업점 | K84: {{S1_전월PGNPS_35}} | N84: {{S1_당월PGNPS_35}} | Q84: {{S1_PGNPS변동_35}} | T84: {{S1_1월PGNPS_35}} | W84: {{S1_2월PGNPS_35}} | Z84: {{S1_3월PGNPS_35}} | AC84: {{S1_4월PGNPS_35}} | AF84: {{S1_5월PGNPS_35}} | AI84: {{S1_6월PGNPS_35}} | AL84: {{S1_7월PGNPS_35}} | AO84: {{S1_8월PGNPS_35}} | AR84: {{S1_9월PGNPS_35}} | AU84: {{S1_10월PGNPS_35}} | AX84: {{S1_11월PGNPS_35}} | BA84: {{S1_12월PGNPS_35}}
J85: 직원 | K85: {{S1_전월PGNPS_36}} | N85: {{S1_당월PGNPS_36}} | Q85: {{S1_PGNPS변동_36}} | T85: {{S1_1월PGNPS_36}} | W85: {{S1_2월PGNPS_36}} | Z85: {{S1_3월PGNPS_36}} | AC85: {{S1_4월PGNPS_36}} | AF85: {{S1_5월PGNPS_36}} | AI85: {{S1_6월PGNPS_36}} | AL85: {{S1_7월PGNPS_36}} | AO85: {{S1_8월PGNPS_36}} | AR85: {{S1_9월PGNPS_36}} | AU85: {{S1_10월PGNPS_36}} | AX85: {{S1_11월PGNPS_36}} | BA85: {{S1_12월PGNPS_36}}
C86: {{S1_지역본부_37}}
J87: 영업점 | K87: {{S1_전월PGNPS_37}} | N87: {{S1_당월PGNPS_37}} | Q87: {{S1_PGNPS변동_37}} | T87: {{S1_1월PGNPS_37}} | W87: {{S1_2월PGNPS_37}} | Z87: {{S1_3월PGNPS_37}} | AC87: {{S1_4월PGNPS_37}} | AF87: {{S1_5월PGNPS_37}} | AI87: {{S1_6월PGNPS_37}} | AL87: {{S1_7월PGNPS_37}} | AO87: {{S1_8월PGNPS_37}} | AR87: {{S1_9월PGNPS_37}} | AU87: {{S1_10월PGNPS_37}} | AX87: {{S1_11월PGNPS_37}} | BA87: {{S1_12월PGNPS_37}}
J88: 직원 | K88: {{S1_전월PGNPS_38}} | N88: {{S1_당월PGNPS_38}} | Q88: {{S1_PGNPS변동_38}} | T88: {{S1_1월PGNPS_38}} | W88: {{S1_2월PGNPS_38}} | Z88: {{S1_3월PGNPS_38}} | AC88: {{S1_4월PGNPS_38}} | AF88: {{S1_5월PGNPS_38}} | AI88: {{S1_6월PGNPS_38}} | AL88: {{S1_7월PGNPS_38}} | AO88: {{S1_8월PGNPS_38}} | AR88: {{S1_9월PGNPS_38}} | AU88: {{S1_10월PGNPS_38}} | AX88: {{S1_11월PGNPS_38}} | BA88: {{S1_12월PGNPS_38}}
C89: {{S1_지역본부_39}}
J90: 영업점 | K90: {{S1_전월PGNPS_39}} | N90: {{S1_당월PGNPS_39}} | Q90: {{S1_PGNPS변동_39}} | T90: {{S1_1월PGNPS_39}} | W90: {{S1_2월PGNPS_39}} | Z90: {{S1_3월PGNPS_39}} | AC90: {{S1_4월PGNPS_39}} | AF90: {{S1_5월PGNPS_39}} | AI90: {{S1_6월PGNPS_39}} | AL90: {{S1_7월PGNPS_39}} | AO90: {{S1_8월PGNPS_39}} | AR90: {{S1_9월PGNPS_39}} | AU90: {{S1_10월PGNPS_39}} | AX90: {{S1_11월PGNPS_39}} | BA90: {{S1_12월PGNPS_39}}
J91: 직원 | K91: {{S1_전월PGNPS_40}} | N91: {{S1_당월PGNPS_40}} | Q91: {{S1_PGNPS변동_40}} | T91: {{S1_1월PGNPS_40}} | W91: {{S1_2월PGNPS_40}} | Z91: {{S1_3월PGNPS_40}} | AC91: {{S1_4월PGNPS_40}} | AF91: {{S1_5월PGNPS_40}} | AI91: {{S1_6월PGNPS_40}} | AL91: {{S1_7월PGNPS_40}} | AO91: {{S1_8월PGNPS_40}} | AR91: {{S1_9월PGNPS_40}} | AU91: {{S1_10월PGNPS_40}} | AX91: {{S1_11월PGNPS_40}} | BA91: {{S1_12월PGNPS_40}}
C92: {{S1_지역본부_41}}
J93: 영업점 | K93: {{S1_전월PGNPS_41}} | N93: {{S1_당월PGNPS_41}} | Q93: {{S1_PGNPS변동_41}} | T93: {{S1_1월PGNPS_41}} | W93: {{S1_2월PGNPS_41}} | Z93: {{S1_3월PGNPS_41}} | AC93: {{S1_4월PGNPS_41}} | AF93: {{S1_5월PGNPS_41}} | AI93: {{S1_6월PGNPS_41}} | AL93: {{S1_7월PGNPS_41}} | AO93: {{S1_8월PGNPS_41}} | AR93: {{S1_9월PGNPS_41}} | AU93: {{S1_10월PGNPS_41}} | AX93: {{S1_11월PGNPS_41}} | BA93: {{S1_12월PGNPS_41}}
J94: 직원 | K94: {{S1_전월PGNPS_42}} | N94: {{S1_당월PGNPS_42}} | Q94: {{S1_PGNPS변동_42}} | T94: {{S1_1월PGNPS_42}} | W94: {{S1_2월PGNPS_42}} | Z94: {{S1_3월PGNPS_42}} | AC94: {{S1_4월PGNPS_42}} | AF94: {{S1_5월PGNPS_42}} | AI94: {{S1_6월PGNPS_42}} | AL94: {{S1_7월PGNPS_42}} | AO94: {{S1_8월PGNPS_42}} | AR94: {{S1_9월PGNPS_42}} | AU94: {{S1_10월PGNPS_42}} | AX94: {{S1_11월PGNPS_42}} | BA94: {{S1_12월PGNPS_42}}
C95: {{S1_지역본부_43}}
J96: 영업점 | K96: {{S1_전월PGNPS_43}} | N96: {{S1_당월PGNPS_43}} | Q96: {{S1_PGNPS변동_43}} | T96: {{S1_1월PGNPS_43}} | W96: {{S1_2월PGNPS_43}} | Z96: {{S1_3월PGNPS_43}} | AC96: {{S1_4월PGNPS_43}} | AF96: {{S1_5월PGNPS_43}} | AI96: {{S1_6월PGNPS_43}} | AL96: {{S1_7월PGNPS_43}} | AO96: {{S1_8월PGNPS_43}} | AR96: {{S1_9월PGNPS_43}} | AU96: {{S1_10월PGNPS_43}} | AX96: {{S1_11월PGNPS_43}} | BA96: {{S1_12월PGNPS_43}}
J97: 직원 | K97: {{S1_전월PGNPS_44}} | N97: {{S1_당월PGNPS_44}} | Q97: {{S1_PGNPS변동_44}} | T97: {{S1_1월PGNPS_44}} | W97: {{S1_2월PGNPS_44}} | Z97: {{S1_3월PGNPS_44}} | AC97: {{S1_4월PGNPS_44}} | AF97: {{S1_5월PGNPS_44}} | AI97: {{S1_6월PGNPS_44}} | AL97: {{S1_7월PGNPS_44}} | AO97: {{S1_8월PGNPS_44}} | AR97: {{S1_9월PGNPS_44}} | AU97: {{S1_10월PGNPS_44}} | AX97: {{S1_11월PGNPS_44}} | BA97: {{S1_12월PGNPS_44}}
C98: {{S1_지역본부_45}}
J99: 영업점 | K99: {{S1_전월PGNPS_45}} | N99: {{S1_당월PGNPS_45}} | Q99: {{S1_PGNPS변동_45}} | T99: {{S1_1월PGNPS_45}} | W99: {{S1_2월PGNPS_45}} | Z99: {{S1_3월PGNPS_45}} | AC99: {{S1_4월PGNPS_45}} | AF99: {{S1_5월PGNPS_45}} | AI99: {{S1_6월PGNPS_45}} | AL99: {{S1_7월PGNPS_45}} | AO99: {{S1_8월PGNPS_45}} | AR99: {{S1_9월PGNPS_45}} | AU99: {{S1_10월PGNPS_45}} | AX99: {{S1_11월PGNPS_45}} | BA99: {{S1_12월PGNPS_45}}
J100: 직원 | K100: {{S1_전월PGNPS_46}} | N100: {{S1_당월PGNPS_46}} | Q100: {{S1_PGNPS변동_46}} | T100: {{S1_1월PGNPS_46}} | W100: {{S1_2월PGNPS_46}} | Z100: {{S1_3월PGNPS_46}} | AC100: {{S1_4월PGNPS_46}} | AF100: {{S1_5월PGNPS_46}} | AI100: {{S1_6월PGNPS_46}} | AL100: {{S1_7월PGNPS_46}} | AO100: {{S1_8월PGNPS_46}} | AR100: {{S1_9월PGNPS_46}} | AU100: {{S1_10월PGNPS_46}} | AX100: {{S1_11월PGNPS_46}} | BA100: {{S1_12월PGNPS_46}}

Sheet 2.VOC대시보드
B2: {{region_group_name}} 대면채널 NPS 주간 보고서(2/2)
B3: {{base_date}} 기준
B4: 3. 고객불만지수(Customer Complaint Index) | BD4: ('{{start_date}}~'{{friday_b01w}} 응답 기준)
C5: 고객경험 VOC 분석결과로, 고객불만지수가 높을수록 고객 불만의견이 많다는 의미입니다. | BG5: 지역영업그룹 | BH5: CCI | BI5: 전행CCI
C6: 고객불만지수(CCI) | BG6: 강남영업추진그룹 | BH6: =COUNTIFS('CCI raw'!$R:$R, "불만", 'CCI raw'!$H:$H, BG6) / COUNTIF('CCI raw'!$H:$H, BG6) * 100 -> #DIV/0! | BI6: =COUNTIFS('CCI raw'!$R:$R, "불만") / COUNTA('CCI raw'!$R:$R) * 100 -> #DIV/0!
BG7: 강북영업추진그룹 | BH7: =COUNTIFS('CCI raw'!$R:$R, "불만", 'CCI raw'!$H:$H, BG7) / COUNTIF('CCI raw'!$H:$H, BG7) * 100 -> #DIV/0! | BI7: =BI6 -> #DIV/0!
C8: 전월 대비 | H8: =J11-C11 -> #N/A | K8: =IF(H8>0, "상승", IF(H8=0, "동일", "감소")) -> #N/A | BG8: 수도권영업추진그룹 | BH8: =COUNTIFS('CCI raw'!$R:$R, "불만", 'CCI raw'!$H:$H, BG8) / COUNTIF('CCI raw'!$H:$H, BG8) * 100 -> #DIV/0! | BI8: =BI7 -> #DIV/0!
BG9: 영남영업추진그룹 | BH9: =COUNTIFS('CCI raw'!$R:$R, "불만", 'CCI raw'!$H:$H, BG9) / COUNTIF('CCI raw'!$H:$H, BG9) * 100 -> #DIV/0! | BI9: =BI8 -> #DIV/0!
BG10: 충청호남영업추진그룹 | BH10: =COUNTIFS('CCI raw'!$R:$R, "불만", 'CCI raw'!$H:$H, BG10) / COUNTIF('CCI raw'!$H:$H, BG10) * 100 -> #DIV/0! | BI10: =BI9 -> #DIV/0!
C11: {=SUMPRODUCT(--('CCI raw'!A:A <= '2.VOC대시보드'!BH14) * ('CCI raw'!$R:$R = "불만") * ('CCI raw'!$H:$H = LEFT(B2,8))) / SUMPRODUCT(--('CCI raw'!A:A <= '2.VOC대시보드'!BH14) * ('CCI raw'!$H:$H = LEFT(B2,8))) * 100} -> #VALUE! | J11: =_xlfn.XLOOKUP(LEFT(B2,8),BG6:BG10,BH6:BH10) -> #N/A
C12: 전월 | M12: 이번주
BG14: 전월 | BH14: {=TEXT(EOMONTH(DATE(LEFT(MAX(VALUE('CCI raw'!A2:A1000000)),4), MID(MAX(VALUE('CCI raw'!A2:A1000000)),5,2), RIGHT(MAX(VALUE('CCI raw'!A2:A1000000)),2)), -1), "yyyymmdd")} -> #VALUE!
C16: 월별 고객불만지수 추이
BG20: 기준월 | BH20: 칭찬비율 | BI20: 불만비율 | BJ20: CCI
BG21: 1월 | BH21: =COUNTIFS('CCI raw'!$R:$R, "칭찬", 'CCI raw'!$A:$A, "202601*") / COUNTIF('CCI raw'!$A:$A, "202601*") * 100 -> #DIV/0! | BI21: =COUNTIFS('CCI raw'!$R:$R, "불만", 'CCI raw'!$A:$A, "202601*") / COUNTIF('CCI raw'!$A:$A, "202601*") * 100 -> #DIV/0! | BJ21: =BI21 -> #DIV/0!
BG22: 2월 | BH22: =COUNTIFS('CCI raw'!$R:$R, "칭찬", 'CCI raw'!$A:$A, "202602*") / COUNTIF('CCI raw'!$A:$A, "202602*") * 100 -> #DIV/0! | BI22: =COUNTIFS('CCI raw'!$R:$R, "불만", 'CCI raw'!$A:$A, "202602*") / COUNTIF('CCI raw'!$A:$A, "202602*") * 100 -> #DIV/0! | BJ22: =BI22 -> #DIV/0!
BG23: 3월 | BH23: =COUNTIFS('CCI raw'!$R:$R, "칭찬", 'CCI raw'!$A:$A, "202603*") / COUNTIF('CCI raw'!$A:$A, "202603*") * 100 -> #DIV/0! | BI23: =COUNTIFS('CCI raw'!$R:$R, "불만", 'CCI raw'!$A:$A, "202603*") / COUNTIF('CCI raw'!$A:$A, "202603*") * 100 -> #DIV/0! | BJ23: =BI23 -> #DIV/0!
BG24: 4월 | BH24: =COUNTIFS('CCI raw'!$R:$R, "칭찬", 'CCI raw'!$A:$A, "202604*") / COUNTIF('CCI raw'!$A:$A, "202604*") * 100 -> #DIV/0! | BI24: =COUNTIFS('CCI raw'!$R:$R, "불만", 'CCI raw'!$A:$A, "202604*") / COUNTIF('CCI raw'!$A:$A, "202604*") * 100 -> #DIV/0! | BJ24: =BI24 -> #DIV/0!
BG25: 5월 | BH25: =COUNTIFS('CCI raw'!$R:$R, "칭찬", 'CCI raw'!$A:$A, "202605*") / COUNTIF('CCI raw'!$A:$A, "202605*") * 100 -> #DIV/0! | BI25: =COUNTIFS('CCI raw'!$R:$R, "불만", 'CCI raw'!$A:$A, "202605*") / COUNTIF('CCI raw'!$A:$A, "202605*") * 100 -> #DIV/0! | BJ25: =BI25 -> #DIV/0!
BG26: 6월 | BH26: =COUNTIFS('CCI raw'!$R:$R, "칭찬", 'CCI raw'!$A:$A, "202606*") / COUNTIF('CCI raw'!$A:$A, "202606*") * 100 -> #DIV/0! | BI26: =COUNTIFS('CCI raw'!$R:$R, "불만", 'CCI raw'!$A:$A, "202606*") / COUNTIF('CCI raw'!$A:$A, "202606*") * 100 -> #DIV/0! | BJ26: =BI26 -> #DIV/0!
BG27: 7월 | BH27: =COUNTIFS('CCI raw'!$R:$R, "칭찬", 'CCI raw'!$A:$A, "202607*") / COUNTIF('CCI raw'!$A:$A, "202607*") * 100 -> #DIV/0! | BI27: =COUNTIFS('CCI raw'!$R:$R, "불만", 'CCI raw'!$A:$A, "202607*") / COUNTIF('CCI raw'!$A:$A, "202607*") * 100 -> #DIV/0! | BJ27: =BI27 -> #DIV/0!
B28: 4. {{region_group_name}} 불만 VOC 요약 | BD28: ('{{monday_b02w}}~'{{friday_b01w}} 응답 기준) | BG28: 8월 | BH28: =COUNTIFS('CCI raw'!$R:$R, "칭찬", 'CCI raw'!$A:$A, "202608*") / COUNTIF('CCI raw'!$A:$A, "202608*") * 100 -> #DIV/0! | BI28: =COUNTIFS('CCI raw'!$R:$R, "불만", 'CCI raw'!$A:$A, "202608*") / COUNTIF('CCI raw'!$A:$A, "202608*") * 100 -> #DIV/0! | BJ28: =BI28 -> #DIV/0!
C29: 고객경험단계별 VOC 불만사항 요약과 VOC 예시입니다. (※ 3건 미만인 경우 VOC 원문만 표출) | BG29: 9월 | BH29: =COUNTIFS('CCI raw'!$R:$R, "칭찬", 'CCI raw'!$A:$A, "202609*") / COUNTIF('CCI raw'!$A:$A, "202609*") * 100 -> #DIV/0! | BI29: =COUNTIFS('CCI raw'!$R:$R, "불만", 'CCI raw'!$A:$A, "202609*") / COUNTIF('CCI raw'!$A:$A, "202609*") * 100 -> #DIV/0! | BJ29: =BI29 -> #DIV/0!
C30: 고객경험단계 | J30: 불만사항 요약 | BG30: 10월 | BH30: =COUNTIFS('CCI raw'!$R:$R, "칭찬", 'CCI raw'!$A:$A, "202610*") / COUNTIF('CCI raw'!$A:$A, "202610*") * 100 -> #DIV/0! | BI30: =COUNTIFS('CCI raw'!$R:$R, "불만", 'CCI raw'!$A:$A, "202610*") / COUNTIF('CCI raw'!$A:$A, "202610*") * 100 -> #DIV/0! | BJ30: =BI30 -> #DIV/0!
N31: 불만 VOC 예시 | BG31: 11월 | BH31: =COUNTIFS('CCI raw'!$R:$R, "칭찬", 'CCI raw'!$A:$A, "202611*") / COUNTIF('CCI raw'!$A:$A, "202611*") * 100 -> #DIV/0! | BI31: =COUNTIFS('CCI raw'!$R:$R, "불만", 'CCI raw'!$A:$A, "202611*") / COUNTIF('CCI raw'!$A:$A, "202611*") * 100 -> #DIV/0! | BJ31: =BI31 -> #DIV/0!
C32: {{S2_complaint1_1}} | J32: {{S2_complaint1_2}} | BG32: 12월 | BH32: =COUNTIFS('CCI raw'!$R:$R, "칭찬", 'CCI raw'!$A:$A, "202612*") / COUNTIF('CCI raw'!$A:$A, "202612*") * 100 -> #DIV/0! | BI32: =COUNTIFS('CCI raw'!$R:$R, "불만", 'CCI raw'!$A:$A, "202612*") / COUNTIF('CCI raw'!$A:$A, "202612*") * 100 -> #DIV/0! | BJ32: =BI32 -> #DIV/0!
N33: 예시) {{S2_complaint1_3}}
N34: 예시) {{S2_complaint1_4}}
N35: 예시) {{S2_complaint1_5}}
C36: {{S2_complaint2_1}} | J36: {{S2_complaint2_2}}
N37: 예시) {{S2_complaint2_3}}
N38: 예시) {{S2_complaint2_4}}
N39: 예시) {{S2_complaint2_5}}
C40: {{S2_complaint3_1}} | J40: {{S2_complaint3_2}}
N41: 예시) {{S2_complaint3_3}}
N42: 예시) {{S2_complaint3_4}}
N43: 예시) {{S2_complaint3_5}}

Sheet CCI raw
